dateTime,blockNumber,timeStamp,hash,from,to,value,ActualValue,tokenName,tokenSymbol
2024-12-06 00:41:35,21339940,1733445695,0xa4701ea125decce30d4d54acae3911ed5525691ae1857a8cd7210b184615578c,0xe217e15b3c19cc0427f9492dc3bcfe8220afad10,0x5be9a4959308a0d0c7bc0870e319314d8d957dbb,1265991994,1265.991994,USDC,USDC
2024-12-06 01:05:35,21340059,1733447135,0xf171fa6562d7dd2735865c64f74bf024354c59513f5df5a55282b302fb67f77c,0xe217e15b3c19cc0427f9492dc3bcfe8220afad10,0x5be9a4959308a0d0c7bc0870e319314d8d957dbb,406000000,406.0,Tether USD,USDT
2024-12-06 02:36:35,21340514,1733452595,0xe2654b65f4868714ee6ed0a43d9d16dfd67d3247dac5934892cc6dd9c4d2a60a,0xe217e15b3c19cc0427f9492dc3bcfe8220afad10,0x5be9a4959308a0d0c7bc0870e319314d8d957dbb,4043042217,4043.042217,Tether USD,USDT
2024-12-06 03:02:59,21340644,1733454179,0xfa0b1c51f7427ea85519884103500ccf470e55814e14868e8d9b31f62d9af24d,0xe217e15b3c19cc0427f9492dc3bcfe8220afad10,0x5be9a4959308a0d0c7bc0870e319314d8d957dbb,116737704,116.737704,Tether USD,USDT
2024-12-06 03:40:35,21340831,1733456435,0x2cad09d2d2e89acc3d64e8a78fc3d58fa0d56fe4433c200fe1c8f1e845c6ec72,0xe217e15b3c19cc0427f9492dc3bcfe8220afad10,0x5be9a4959308a0d0c7bc0870e319314d8d957dbb,1067000000,1067.0,Tether USD,USDT
2024-12-06 04:04:47,21340952,1733457887,0xf0b08adac29c224a4e1c350460cf590ee8fd7d9764289bab310f76390236c187,0xe217e15b3c19cc0427f9492dc3bcfe8220afad10,0x5be9a4959308a0d0c7bc0870e319314d8d957dbb,248000000,248.0,USDC,USDC
2024-12-06 05:01:59,21341236,1733461319,0xf6acb96b9715aa032984461c99af2da79919994cda5b3c3dd9ebda882e4832a7,0xe217e15b3c19cc0427f9492dc3bcfe8220afad10,0x5be9a4959308a0d0c7bc0870e319314d8d957dbb,1993160036,1993.160036,Tether USD,USDT
2024-12-06 05:31:11,21341380,1733463071,0x74f26a4654bf0d98c376518f3845f00f48b2127285d7a8ef3cb0b571a246a00b,0xe217e15b3c19cc0427f9492dc3bcfe8220afad10,0x5be9a4959308a0d0c7bc0870e319314d8d957dbb,1000000000,1000.0,Tether USD,USDT
2024-12-06 05:46:47,21341455,1733464007,0x13d63c65d5dccf4973760a4a4acf9258f3d74cc3f41ab8a44226035367f44966,0xe217e15b3c19cc0427f9492dc3bcfe8220afad10,0x5be9a4959308a0d0c7bc0870e319314d8d957dbb,19998000000,19998.0,Tether USD,USDT
2024-12-06 06:31:47,21341679,1733466707,0xa128952c48fc86b75609388f9a380590e0e49dd33e43db792f911585702c6b62,0xe217e15b3c19cc0427f9492dc3bcfe8220afad10,0x5be9a4959308a0d0c7bc0870e319314d8d957dbb,1004347387,1004.347387,Tether USD,USDT
2024-12-06 06:42:23,21341732,1733467343,0xd9111c6b8ffb984f0f26e9b66b9d6840d7c54ec1e2532a692fc18d1ba8161a18,0xe217e15b3c19cc0427f9492dc3bcfe8220afad10,0x5be9a4959308a0d0c7bc0870e319314d8d957dbb,2040000000,2040.0,Tether USD,USDT
2024-12-06 07:57:11,21342106,1733471831,0xcd5f941654814bda8ae7c1989c3ba0fc2bc1ad72a7c5bae0d1e7b1f5389f15f4,0xe217e15b3c19cc0427f9492dc3bcfe8220afad10,0x5be9a4959308a0d0c7bc0870e319314d8d957dbb,150080998,150.080998,Tether USD,USDT
2024-12-06 07:57:11,21342106,1733471831,0x67c961686923b2d85d6254d3f893c65f50b4c526add834c3a506256737ea727b,0xe217e15b3c19cc0427f9492dc3bcfe8220afad10,0x5be9a4959308a0d0c7bc0870e319314d8d957dbb,730347795,730.347795,Tether USD,USDT
2024-12-06 10:08:59,21342761,1733479739,0xc1c98d4109fe173aefdae54af8000b3f257cf49e5d401e0af96478ae1954277f,0xe217e15b3c19cc0427f9492dc3bcfe8220afad10,0x5be9a4959308a0d0c7bc0870e319314d8d957dbb,154705884,154.705884,Tether USD,USDT
2024-12-06 10:16:11,21342797,1733480171,0x518d8b69a4714578ceb06f1d105fbf031165889a3a2517cbc24ad843623ad459,0xe217e15b3c19cc0427f9492dc3bcfe8220afad10,0x5be9a4959308a0d0c7bc0870e319314d8d957dbb,48819210,48.81921,Tether USD,USDT
2024-12-06 10:52:11,21342976,1733482331,0xc30825884dde5b7495e320b48a9aec11ea66a2b75eb8dd5af41d7af6f157e40b,0xe217e15b3c19cc0427f9492dc3bcfe8220afad10,0x5be9a4959308a0d0c7bc0870e319314d8d957dbb,100693534,100.693534,Tether USD,USDT
2024-12-06 11:23:47,21343133,1733484227,0xb44cdaf43e6641e74690d1b66be05732f3eab2e7ab20377d956e88981c756503,0xe217e15b3c19cc0427f9492dc3bcfe8220afad10,0x5be9a4959308a0d0c7bc0870e319314d8d957dbb,59864356,59.864356,Tether USD,USDT
2024-12-06 11:32:47,21343177,1733484767,0xb785dbd20b2aa5e25a135b7012d60291f3bf6df4f6ead9f06dbc98dbc45e4c24,0xe217e15b3c19cc0427f9492dc3bcfe8220afad10,0x5be9a4959308a0d0c7bc0870e319314d8d957dbb,2101300100,2101.3001,Tether USD,USDT
2024-12-06 11:35:47,21343192,1733484947,0x9735791ae60c0e6ba418befbafe01d7a4b1f6b9d2fbd5dc548d8a714dc434b4b,0xe217e15b3c19cc0427f9492dc3bcfe8220afad10,0x5be9a4959308a0d0c7bc0870e319314d8d957dbb,499000000,499.0,USDC,USDC
2024-12-06 11:36:59,21343198,1733485019,0x7465104f6cbe149464a78eba8eec3a44101161d9fc701a88c677d3797d202d25,0xe217e15b3c19cc0427f9492dc3bcfe8220afad10,0x5be9a4959308a0d0c7bc0870e319314d8d957dbb,36913040,36.91304,Tether USD,USDT
2024-12-06 15:56:35,21344491,1733500595,0x3695545e763e0e01175fd2efd90f42037dec771d2237714d6543467b011f195b,0xe217e15b3c19cc0427f9492dc3bcfe8220afad10,0x5be9a4959308a0d0c7bc0870e319314d8d957dbb,6337565344,6337.565344,Tether USD,USDT
2024-12-06 16:40:47,21344711,1733503247,0xb0a91fbf11b659f6df90ab31dadc7751fce3b9ee1badc59ce96b37a19ff1a61e,0xe217e15b3c19cc0427f9492dc3bcfe8220afad10,0x5be9a4959308a0d0c7bc0870e319314d8d957dbb,500000000,500.0,Tether USD,USDT
2024-12-06 18:08:11,21345147,1733508491,0x3b54e58ee12b23fc5610e2ef2f15d9696c43a433d98d534c158a27ee19b47140,0xe217e15b3c19cc0427f9492dc3bcfe8220afad10,0x5be9a4959308a0d0c7bc0870e319314d8d957dbb,617336205,617.336205,Tether USD,USDT
2024-12-06 20:22:35,21345816,1733516555,0xf2634d8726ac61da7e20b9e3f3d12ec4a1b4ff584eac930cd37faaeebbb8c740,0x5be9a4959308a0d0c7bc0870e319314d8d957dbb,0x9008d19f58aabd9ed0d60971565aa8510560ab41,2500035430821,2500035.430821,Tether USD,USDT
2024-12-06 20:22:35,21345816,1733516555,0xf2634d8726ac61da7e20b9e3f3d12ec4a1b4ff584eac930cd37faaeebbb8c740,0x9008d19f58aabd9ed0d60971565aa8510560ab41,0x5be9a4959308a0d0c7bc0870e319314d8d957dbb,612249121635678714047,612.2491216356786,Wrapped Ether,WETH
2024-12-06 20:22:59,21345818,1733516579,0x9ea0e7ae78e97ce060e50495d516874e9847fbdb18d75b2b4ae490da78fdca7b,0x5be9a4959308a0d0c7bc0870e319314d8d957dbb,0x9008d19f58aabd9ed0d60971565aa8510560ab41,2499964569179,2499964.569179,Tether USD,USDT
2024-12-06 20:22:59,21345818,1733516579,0x9ea0e7ae78e97ce060e50495d516874e9847fbdb18d75b2b4ae490da78fdca7b,0x9008d19f58aabd9ed0d60971565aa8510560ab41,0x5be9a4959308a0d0c7bc0870e319314d8d957dbb,612352339556173753792,612.3523395561738,Wrapped Ether,WETH
2024-12-07 02:32:35,21347652,1733538755,0x1b97103d1e9ec4a828bdf49c8eb513f798c68e809712aba97ea76cb5e00899e2,0xe217e15b3c19cc0427f9492dc3bcfe8220afad10,0x5be9a4959308a0d0c7bc0870e319314d8d957dbb,2754524467,2754.524467,Tether USD,USDT
2024-12-07 04:30:47,21348243,1733545847,0x30b88ea4571574109a1a7fbaa3e51fa39e7986074463e7e0526b711ad01ce263,0xe217e15b3c19cc0427f9492dc3bcfe8220afad10,0x5be9a4959308a0d0c7bc0870e319314d8d957dbb,196875995,196.875995,Tether USD,USDT
2024-12-07 04:40:35,21348292,1733546435,0xdd450a382d9508a1a31516c779be660c31999e25d8723a17c7dfa9c86a1d4110,0xe217e15b3c19cc0427f9492dc3bcfe8220afad10,0x5be9a4959308a0d0c7bc0870e319314d8d957dbb,1500000000,1500.0,Tether USD,USDT
2024-12-07 05:10:11,21348440,1733548211,0xdc7bf830839307b44670d32886b67c2f6db8645877c6010a295039db4ad2a674,0xe217e15b3c19cc0427f9492dc3bcfe8220afad10,0x5be9a4959308a0d0c7bc0870e319314d8d957dbb,5010317584,5010.317584,Tether USD,USDT
2024-12-07 05:11:11,21348445,1733548271,0xf30fb75f9578ea23dcb71e703c681282cb153602e8e768c52bb8dcca39e3a7e9,0xe217e15b3c19cc0427f9492dc3bcfe8220afad10,0x5be9a4959308a0d0c7bc0870e319314d8d957dbb,490000000,490.0,Tether USD,USDT
2024-12-07 05:41:47,21348598,1733550107,0xb8e69b0a8557411c6bd37d81e30cb4597ba9b3d985b911c569f903b3d288158e,0xe217e15b3c19cc0427f9492dc3bcfe8220afad10,0x5be9a4959308a0d0c7bc0870e319314d8d957dbb,450000000,450.0,Tether USD,USDT
2024-12-07 07:15:47,21349063,1733555747,0xa26b0a15dede0f9fea6a9be03062aef7fc60f6791db86281f8904155eb7db605,0xe217e15b3c19cc0427f9492dc3bcfe8220afad10,0x5be9a4959308a0d0c7bc0870e319314d8d957dbb,444000000,444.0,Tether USD,USDT
2024-12-07 07:59:47,21349281,1733558387,0x3d3b26d3da945a5bddb3979a789b7b536e70df9918adce51066093735130870a,0xe217e15b3c19cc0427f9492dc3bcfe8220afad10,0x5be9a4959308a0d0c7bc0870e319314d8d957dbb,1500000000,1500.0,Tether USD,USDT
2024-12-07 08:28:11,21349423,1733560091,0x7a3bddb2ec6f58d637a4cccd2c00047a024f4bf10370596362c8dc599471d820,0xe217e15b3c19cc0427f9492dc3bcfe8220afad10,0x5be9a4959308a0d0c7bc0870e319314d8d957dbb,210716500,210.7165,Tether USD,USDT
2024-12-07 08:30:47,21349436,1733560247,0xd5096c9b10a6de9ad2ba21dc4d776113f141d0cfe240fd7d434330a8beec9a1b,0xe217e15b3c19cc0427f9492dc3bcfe8220afad10,0x5be9a4959308a0d0c7bc0870e319314d8d957dbb,82600000000,82600.0,Tether USD,USDT
2024-12-07 09:16:47,21349666,1733563007,0x2291c9e1533c91629cc5b15e38d0f68cd53b2713c687c686703eebf845a3243c,0xe217e15b3c19cc0427f9492dc3bcfe8220afad10,0x5be9a4959308a0d0c7bc0870e319314d8d957dbb,1042300000,1042.3,Tether USD,USDT
2024-12-07 10:49:11,21350124,1733568551,0xabad824ba551a05f3c10c250c320a1aaf34165f70ce4990df33eb424d7a71761,0xe217e15b3c19cc0427f9492dc3bcfe8220afad10,0x5be9a4959308a0d0c7bc0870e319314d8d957dbb,500000000,500.0,USDC,USDC
2024-12-07 11:02:35,21350190,1733569355,0xedba51795f52e28441d99d844f4facb3dd1cdd9be9a44ab49e816ebf2d452817,0xe217e15b3c19cc0427f9492dc3bcfe8220afad10,0x5be9a4959308a0d0c7bc0870e319314d8d957dbb,600000000,600.0,Tether USD,USDT
2024-12-07 12:22:23,21350585,1733574143,0x350a6de484f8464d19c96217ea06b8e3c3d4dbbba527a1b53641e2b7c893a569,0xe217e15b3c19cc0427f9492dc3bcfe8220afad10,0x5be9a4959308a0d0c7bc0870e319314d8d957dbb,143000000,143.0,Tether USD,USDT
2024-12-07 13:21:11,21350877,1733577671,0x0da31ec0e1eb15ac23f3f9bad4b92af47cec3d7e6744baafc70383bf0a789dfe,0xe217e15b3c19cc0427f9492dc3bcfe8220afad10,0x5be9a4959308a0d0c7bc0870e319314d8d957dbb,92373164,92.373164,USDC,USDC
2024-12-07 14:36:23,21351250,1733582183,0xfcd337f01a2f1c6e1262b4c41e91b2daa9c5db88a85ca59e069a43a35bab0bde,0x4125af68487bec121a2b90c0e15d824b53899533,0x5be9a4959308a0d0c7bc0870e319314d8d957dbb,12345678904204206969,12.345678904204206,Safe Token,SAFE
2024-12-07 15:24:23,21351488,1733585063,0x3add92387c0c7a85f644ae9f48bd9fab9894df50b0c85d0736b095d8e70ae99c,0xe217e15b3c19cc0427f9492dc3bcfe8220afad10,0x5be9a4959308a0d0c7bc0870e319314d8d957dbb,1365000000,1365.0,Tether USD,USDT
2024-12-07 16:17:47,21351753,1733588267,0x49ed8b982421dce4b1c60ab074632c33dce4522363a353e06a7de968b0d16c95,0xe217e15b3c19cc0427f9492dc3bcfe8220afad10,0x5be9a4959308a0d0c7bc0870e319314d8d957dbb,2002325995,2002.325995,Tether USD,USDT
2024-12-07 17:41:59,21352171,1733593319,0x13e76cf275b380214bd6bf9298e28bcc3bdcbe76044f5e8bd2e13026f1bc984e,0xe217e15b3c19cc0427f9492dc3bcfe8220afad10,0x5be9a4959308a0d0c7bc0870e319314d8d957dbb,1500000000,1500.0,USDC,USDC
2024-12-07 17:45:11,21352187,1733593511,0x06b126ebd24a5efff745559d1017b3afdd5feb954530404718bc26bc4830f60f,0xe217e15b3c19cc0427f9492dc3bcfe8220afad10,0x5be9a4959308a0d0c7bc0870e319314d8d957dbb,149000000,149.0,Tether USD,USDT
2024-12-07 18:41:59,21352469,1733596919,0x1091e06e27cd496222c3767169ab6b9edef8ea4bad0672e8dccf13d50d7d36fb,0xe217e15b3c19cc0427f9492dc3bcfe8220afad10,0x5be9a4959308a0d0c7bc0870e319314d8d957dbb,135025000,135.025,Tether USD,USDT
2024-12-07 18:44:59,21352484,1733597099,0x0362106e0b50e47c411b0a3a671919912d076d5fa903a10c9e9bffd63357b337,0xe217e15b3c19cc0427f9492dc3bcfe8220afad10,0x5be9a4959308a0d0c7bc0870e319314d8d957dbb,10000049960,10000.04996,Tether USD,USDT
2024-12-07 19:21:47,21352667,1733599307,0xc3ea3d24899dc6c1d12ea34356bc1cc14416cc3af98b900aa47123c1afaab082,0xe217e15b3c19cc0427f9492dc3bcfe8220afad10,0x5be9a4959308a0d0c7bc0870e319314d8d957dbb,3820970000,3820.97,Tether USD,USDT
2024-12-07 19:25:47,21352686,1733599547,0xb24797218874cc1159931ed2d73ae536fa0f139bb1df978c9352e39d0e30cfbb,0xe217e15b3c19cc0427f9492dc3bcfe8220afad10,0x5be9a4959308a0d0c7bc0870e319314d8d957dbb,1988000000,1988.0,Tether USD,USDT
2024-12-07 20:21:23,21352961,1733602883,0x727cd5b157a21d43a604d099620f11aa8c15f0a007068f930388e32ac4fda67c,0xe217e15b3c19cc0427f9492dc3bcfe8220afad10,0x5be9a4959308a0d0c7bc0870e319314d8d957dbb,102440080,102.44008,Tether USD,USDT
2024-12-07 23:08:47,21353793,1733612927,0xc18fc26ad09f10e77586fa11dfb89281e6e17b5cd8143e16002b3175a475e0b0,0xe217e15b3c19cc0427f9492dc3bcfe8220afad10,0x5be9a4959308a0d0c7bc0870e319314d8d957dbb,739008688,739.008688,Tether USD,USDT
2024-12-07 23:40:59,21353953,1733614859,0xc81c2efaaaf0a7067fbbd443061a61e6b655ca1879c4c02d06e88d16e82a1e63,0xe217e15b3c19cc0427f9492dc3bcfe8220afad10,0x5be9a4959308a0d0c7bc0870e319314d8d957dbb,10000000,10.0,Tether USD,USDT
2024-12-08 00:53:35,21354315,1733619215,0xd0716883350f7d7129109509f6f514c785725cc83666f3e58b79637261920bac,0xe217e15b3c19cc0427f9492dc3bcfe8220afad10,0x5be9a4959308a0d0c7bc0870e319314d8d957dbb,3425000000,3425.0,Tether USD,USDT
2024-12-08 01:41:59,21354555,1733622119,0xcdde08dba7bbc6a81067c46db8185f737f7bbb88da62f2bd603a3686435a66bf,0xe217e15b3c19cc0427f9492dc3bcfe8220afad10,0x5be9a4959308a0d0c7bc0870e319314d8d957dbb,61624157,61.624157,USDC,USDC
2024-12-08 04:05:47,21355273,1733630747,0xac5d3ac37c07359fca559398708d47fdea3e02b2b9f504dd6b79e11bf8588482,0xe217e15b3c19cc0427f9492dc3bcfe8220afad10,0x5be9a4959308a0d0c7bc0870e319314d8d957dbb,31000000000,31000.0,USDC,USDC
2024-12-08 07:05:11,21356164,1733641511,0xd1bcf72948647c6f96045e01d7e5323a017c58cde9cd829a58ee0d84f5a5572a,0xe217e15b3c19cc0427f9492dc3bcfe8220afad10,0x5be9a4959308a0d0c7bc0870e319314d8d957dbb,737000000,737.0,Tether USD,USDT
2024-12-08 13:00:59,21357934,1733662859,0x9e8c3237c1b2af2953d043fb47f61d4685385034464161d7fab9d6e9f7697c86,0xe217e15b3c19cc0427f9492dc3bcfe8220afad10,0x5be9a4959308a0d0c7bc0870e319314d8d957dbb,933000000,933.0,Tether USD,USDT
2024-12-08 13:07:59,21357969,1733663279,0x5ecf702ce90742eb5d9812a452ff6e39b9ba72848047a379cf3dc0e46f9fc41c,0xe217e15b3c19cc0427f9492dc3bcfe8220afad10,0x5be9a4959308a0d0c7bc0870e319314d8d957dbb,200000000,200.0,Tether USD,USDT
2024-12-08 13:16:11,21358010,1733663771,0x4e9e4a8fb460c36ea511b34b0900499f0d7c90201a12477fa180d93e9f3f56b1,0xe217e15b3c19cc0427f9492dc3bcfe8220afad10,0x5be9a4959308a0d0c7bc0870e319314d8d957dbb,7495146807,7495.146807,Tether USD,USDT
2024-12-08 13:27:47,21358068,1733664467,0x45e61c95e846e5e694d0b705aaead5bc4c2edc917099de1de126c5d91826bdf5,0xe217e15b3c19cc0427f9492dc3bcfe8220afad10,0x5be9a4959308a0d0c7bc0870e319314d8d957dbb,324634858,324.634858,USDC,USDC
2024-12-08 15:28:11,21358668,1733671691,0xac153cdf910491de72cd67b0e435e73a1937ef1272ceb4146fc1ff2deaaec08b,0xe217e15b3c19cc0427f9492dc3bcfe8220afad10,0x5be9a4959308a0d0c7bc0870e319314d8d957dbb,960000000,960.0,Tether USD,USDT
2024-12-08 16:18:59,21358921,1733674739,0xc170e0a947760d7ef027673f721de29e176c3d2f8df95706cd434906a1561729,0xe217e15b3c19cc0427f9492dc3bcfe8220afad10,0x5be9a4959308a0d0c7bc0870e319314d8d957dbb,1039046856,1039.046856,Tether USD,USDT
2024-12-08 16:51:47,21359084,1733676707,0x190324d44160b771bd9dfee8daed8552c7341036f361923be2619df5ff149e50,0xe217e15b3c19cc0427f9492dc3bcfe8220afad10,0x5be9a4959308a0d0c7bc0870e319314d8d957dbb,120000000,120.0,USDC,USDC
2024-12-08 18:57:35,21359711,1733684255,0x696abce46c75c6d6c07de14ebda538631a1bf840de2ad85cecb980ea39af837b,0xe217e15b3c19cc0427f9492dc3bcfe8220afad10,0x5be9a4959308a0d0c7bc0870e319314d8d957dbb,200000000,200.0,USDC,USDC
2024-12-08 19:42:23,21359934,1733686943,0xe5384613933c1776cf91f48575297855f8122cd7c05bc909490f620bf7fd3344,0xe217e15b3c19cc0427f9492dc3bcfe8220afad10,0x5be9a4959308a0d0c7bc0870e319314d8d957dbb,148153038,148.153038,Tether USD,USDT
2024-12-08 20:28:59,21360167,1733689739,0x5f3ad726faf9604a85b7de2c9492d24db17a95db8ddd776880143ad5a057a22b,0xe217e15b3c19cc0427f9492dc3bcfe8220afad10,0x5be9a4959308a0d0c7bc0870e319314d8d957dbb,112422959,112.422959,Tether USD,USDT
2024-12-08 21:29:23,21360468,1733693363,0xc7bf21d3ed9cf00edeab6e8ba02b0ec34cd338914adaa7649202a5a8900d5168,0xe217e15b3c19cc0427f9492dc3bcfe8220afad10,0x5be9a4959308a0d0c7bc0870e319314d8d957dbb,72138086,72.138086,Tether USD,USDT
2024-12-08 23:32:35,21361080,1733700755,0x11a46f992b0691bb504aaf9574deb36a7807990ffe8078e4798365c9d1953a5c,0xe217e15b3c19cc0427f9492dc3bcfe8220afad10,0x5be9a4959308a0d0c7bc0870e319314d8d957dbb,500000000,500.0,Tether USD,USDT
2024-12-09 01:45:11,21361741,1733708711,0xef488e6d237afb0fb49724a2f5737a88cccc46d13d30a3478a912f10188cbab8,0xe217e15b3c19cc0427f9492dc3bcfe8220afad10,0x5be9a4959308a0d0c7bc0870e319314d8d957dbb,5000000000,5000.0,Tether USD,USDT
2024-12-09 01:46:47,21361749,1733708807,0xd3275f2e2da42c52ebdd094f209f64af6c7b8fe5ac093bfb8f47289619fda9d3,0xe217e15b3c19cc0427f9492dc3bcfe8220afad10,0x5be9a4959308a0d0c7bc0870e319314d8d957dbb,90000000,90.0,USDC,USDC
2024-12-09 04:45:35,21362639,1733719535,0x2b755d82192d258cb091c77a4890e3433859ecdf6213a344fc8c9e31050abe03,0xe217e15b3c19cc0427f9492dc3bcfe8220afad10,0x5be9a4959308a0d0c7bc0870e319314d8d957dbb,1995360000,1995.36,Tether USD,USDT
2024-12-09 04:57:35,21362699,1733720255,0x34511ef1d72d620b6eb6fb5dc4210021ca6614d03d2b9abfe2061ac2cff8ae86,0xe217e15b3c19cc0427f9492dc3bcfe8220afad10,0x5be9a4959308a0d0c7bc0870e319314d8d957dbb,205500000,205.5,USDC,USDC
2024-12-09 05:50:59,21362964,1733723459,0x7d4e4da6dccbce3701d2fd87a4f772b627c32e1b7900800830fcc15171534529,0xe217e15b3c19cc0427f9492dc3bcfe8220afad10,0x5be9a4959308a0d0c7bc0870e319314d8d957dbb,341268074,341.268074,Tether USD,USDT
2024-12-09 07:32:59,21363472,1733729579,0xe3c980bfccf488811be313546120e9b885381b13882e37a09d30882864ed5a71,0xe217e15b3c19cc0427f9492dc3bcfe8220afad10,0x5be9a4959308a0d0c7bc0870e319314d8d957dbb,80000000,80.0,Tether USD,USDT
2024-12-09 08:34:23,21363779,1733733263,0xd771643b0fa3e997db6eef6694194313dff1f2bf9900ff7695d4a4457f5819b3,0xe217e15b3c19cc0427f9492dc3bcfe8220afad10,0x5be9a4959308a0d0c7bc0870e319314d8d957dbb,5000530000,5000.53,USDC,USDC
2024-12-09 10:53:11,21364472,1733741591,0x27a2be88b360d9ef6d8a598540fc16132f410bd7f01bd69dc36e0b0ba71615a9,0xe217e15b3c19cc0427f9492dc3bcfe8220afad10,0x5be9a4959308a0d0c7bc0870e319314d8d957dbb,100000000,100.0,Tether USD,USDT
2024-12-09 12:12:11,21364866,1733746331,0x0eed877d08d1c9de88b80396dee4db55f6c89019fe7dcda6ccec32f3b148f6ae,0xe217e15b3c19cc0427f9492dc3bcfe8220afad10,0x5be9a4959308a0d0c7bc0870e319314d8d957dbb,239932009,239.932009,Tether USD,USDT
2024-12-09 15:38:35,21365892,1733758715,0x5b3ee5e8a80a28f5a4ec79d4de8cb721dae2cfa56e079531f3483da84738ecc8,0xe217e15b3c19cc0427f9492dc3bcfe8220afad10,0x5be9a4959308a0d0c7bc0870e319314d8d957dbb,4004000000,4004.0,Tether USD,USDT
2024-12-09 15:41:59,21365909,1733758919,0x9824f8fc4bfa7ca6923455f935071f1897c822a546a82ba4b96e79228d39ec3c,0xe217e15b3c19cc0427f9492dc3bcfe8220afad10,0x5be9a4959308a0d0c7bc0870e319314d8d957dbb,90000000,90.0,USDC,USDC
2024-12-09 16:51:23,21366254,1733763083,0x4756c60d15f133f86c8428ff0ca60db8ae8c3464b7daaa6802e29f8d4453cc92,0xe217e15b3c19cc0427f9492dc3bcfe8220afad10,0x5be9a4959308a0d0c7bc0870e319314d8d957dbb,9945000000,9945.0,Tether USD,USDT
2024-12-09 20:24:35,21367315,1733775875,0x0dad62fb4332605c36944983337e3c51563be74cbd5452b881306c3e7e0d5ae4,0xe217e15b3c19cc0427f9492dc3bcfe8220afad10,0x5be9a4959308a0d0c7bc0870e319314d8d957dbb,352520184,352.520184,Tether USD,USDT
2024-12-09 20:30:47,21367345,1733776247,0x5238076df95c2f429f7714ce271c8b7dcf607de32fc071cf1605cd204ebc4709,0xe217e15b3c19cc0427f9492dc3bcfe8220afad10,0x5be9a4959308a0d0c7bc0870e319314d8d957dbb,26560000000,26560.0,Tether USD,USDT
2024-12-10 01:35:11,21368861,1733794511,0x7df7de1f1098529536cc4a9ee1c6500a66d18709e68542ddb15b590bab8f3088,0xe217e15b3c19cc0427f9492dc3bcfe8220afad10,0x5be9a4959308a0d0c7bc0870e319314d8d957dbb,25541000000,25541.0,Tether USD,USDT
2024-12-10 05:24:59,21370001,1733808299,0x0e1de3d529f9d1e488c28994f0372983e347bb448278e3b536ef7077b1654188,0xe217e15b3c19cc0427f9492dc3bcfe8220afad10,0x5be9a4959308a0d0c7bc0870e319314d8d957dbb,682700000,682.7,Tether USD,USDT
2024-12-10 05:46:11,21370105,1733809571,0x934637677cb7cf22f2d8bdd3210a40804801db9e6d48f4bd69644847c58d2f96,0xe217e15b3c19cc0427f9492dc3bcfe8220afad10,0x5be9a4959308a0d0c7bc0870e319314d8d957dbb,103070000,103.07,Tether USD,USDT
2024-12-10 09:34:23,21371240,1733823263,0x9a35d31a76d365becb0eb2b50c7ac4f29ff2c24081eb5436c24d040ee7b07169,0xe217e15b3c19cc0427f9492dc3bcfe8220afad10,0x5be9a4959308a0d0c7bc0870e319314d8d957dbb,100035268,100.035268,USDC,USDC
2024-12-10 10:50:11,21371616,1733827811,0xb7fef9ed329a1e8b487fd74b78aed6e5d18bbe5285e55f0a5f0b79e571d3c0fe,0xe217e15b3c19cc0427f9492dc3bcfe8220afad10,0x5be9a4959308a0d0c7bc0870e319314d8d957dbb,188000000,188.0,Tether USD,USDT
2024-12-10 11:24:35,21371787,1733829875,0xa4d856cecefa0ea84dc3b1eb2f818b4f5b460ad9fec3f06d9f92de0329c37395,0xe217e15b3c19cc0427f9492dc3bcfe8220afad10,0x5be9a4959308a0d0c7bc0870e319314d8d957dbb,990000000,990.0,Tether USD,USDT
2024-12-10 11:50:35,21371915,1733831435,0x4d634ed8654b514c8ab4a37aa3c47d44141f111cd143fe6388a14b87b9f4acd1,0xe217e15b3c19cc0427f9492dc3bcfe8220afad10,0x5be9a4959308a0d0c7bc0870e319314d8d957dbb,239131209,239.131209,Tether USD,USDT
2024-12-10 11:52:47,21371926,1733831567,0xfc0557c6fcfec8096c169a0806685a7255d9c268242e74d23d235f79d6b3eb87,0xe217e15b3c19cc0427f9492dc3bcfe8220afad10,0x5be9a4959308a0d0c7bc0870e319314d8d957dbb,5470000000000000,0.00547,Wrapped Ether,WETH
2024-12-10 13:24:47,21372382,1733837087,0x3f1d883a87561509299e8ee5353f62f2ebe891d400f15bc18d51a215b04ee588,0xe217e15b3c19cc0427f9492dc3bcfe8220afad10,0x5be9a4959308a0d0c7bc0870e319314d8d957dbb,1043248700,1043.2487,Tether USD,USDT
2024-12-10 14:49:59,21372806,1733842199,0x4f10b33d58e719e3b5f5e9dbf4eda687fe78a4a4eacd2224ad01f7f1a40ad5f2,0xe217e15b3c19cc0427f9492dc3bcfe8220afad10,0x5be9a4959308a0d0c7bc0870e319314d8d957dbb,4923000000,4923.0,Tether USD,USDT
2024-12-10 17:45:35,21373681,1733852735,0x4efd5a964abaceefb9181b6fbe6b0e858cdd021e924a2c841985b8dba4d8c582,0xe217e15b3c19cc0427f9492dc3bcfe8220afad10,0x5be9a4959308a0d0c7bc0870e319314d8d957dbb,22082304898,22082.304898,Tether USD,USDT
2024-12-10 17:53:23,21373720,1733853203,0x80bbb8639ae31e24a05d6f4b1b4f08b70be09504a53ed511af83c28a2710f3c1,0xe217e15b3c19cc0427f9492dc3bcfe8220afad10,0x5be9a4959308a0d0c7bc0870e319314d8d957dbb,340240000,340.24,Tether USD,USDT
2024-12-10 20:42:35,21374562,1733863355,0x9a52aff7cb8bfa49c34a55255cb203444c80f715632aebd4611daf0e4dd192a1,0xe217e15b3c19cc0427f9492dc3bcfe8220afad10,0x5be9a4959308a0d0c7bc0870e319314d8d957dbb,122572044,122.572044,USDC,USDC
2024-12-10 20:45:35,21374577,1733863535,0xdf1229364f969e0a8a5bf5c72cbbd921c1a476e7dfd9ddc301631dd06e168b85,0xe217e15b3c19cc0427f9492dc3bcfe8220afad10,0x5be9a4959308a0d0c7bc0870e319314d8d957dbb,183506266,183.506266,Tether USD,USDT
2024-12-11 00:15:59,21375625,1733876159,0x92c42f6c00ad2748e2e20a899576ca0dca6b283ab62c9907dce7b2ebb23ee69e,0xe217e15b3c19cc0427f9492dc3bcfe8220afad10,0x5be9a4959308a0d0c7bc0870e319314d8d957dbb,100000000,100.0,USDC,USDC
2024-12-11 00:31:35,21375703,1733877095,0xdf6673274d1e03c3975a24a3ef22990172293ed063440da2572d6eb0b54cb75d,0x4ac3bf54fbbf481c991d2f04bad2ff6393d9eb42,0x5be9a4959308a0d0c7bc0870e319314d8d957dbb,769695778409200000000,769.6957784092,World Liberty Financial,WLFI
2024-12-11 01:12:59,21375910,1733879579,0xbd754aeb5cda05e2b01c0459dfd2494341027b08489fb8189ecc49b6320eb439,0xe217e15b3c19cc0427f9492dc3bcfe8220afad10,0x5be9a4959308a0d0c7bc0870e319314d8d957dbb,9999900000000,9999900.0,USDC,USDC
2024-12-11 03:01:23,21376451,1733886083,0x32200bfbf8c0dd06bb048eeab9ca9dfdebf55c6cde353009a31d34c4d0847aa4,0xe217e15b3c19cc0427f9492dc3bcfe8220afad10,0x5be9a4959308a0d0c7bc0870e319314d8d957dbb,6000000000,6000.0,Tether USD,USDT
2024-12-11 03:30:59,21376598,1733887859,0xfb8cda25c6e96f06b16ec8d9d1d52618e0a49ab8c4c3349ddc0b3f13bb56fdc1,0xe217e15b3c19cc0427f9492dc3bcfe8220afad10,0x5be9a4959308a0d0c7bc0870e319314d8d957dbb,975000000,975.0,Tether USD,USDT
2024-12-11 08:21:59,21378046,1733905319,0x412b9e8be81b22fb94e8addd85307c08ae5c577d4d798019ec80b3bec52e9b2c,0xe217e15b3c19cc0427f9492dc3bcfe8220afad10,0x5be9a4959308a0d0c7bc0870e319314d8d957dbb,3946510000,3946.51,Tether USD,USDT
2024-12-11 09:57:47,21378518,1733911067,0x9c0f87375cc734195418bb3df6d66e2e05c664e7f520726016df32a661bdb395,0xe217e15b3c19cc0427f9492dc3bcfe8220afad10,0x5be9a4959308a0d0c7bc0870e319314d8d957dbb,75000000,75.0,Tether USD,USDT
2024-12-11 10:11:35,21378585,1733911895,0x33a7951be688b0dd0c7fd0d5deb3cbb96806bc9258215defce1a09a314db964c,0xe217e15b3c19cc0427f9492dc3bcfe8220afad10,0x5be9a4959308a0d0c7bc0870e319314d8d957dbb,148490625,148.490625,Tether USD,USDT
2024-12-11 11:03:59,21378845,1733915039,0x1d4e9d581d6098ecbc52a568538433bfb68587498fd9eace0bff8f5d53e2f364,0xe217e15b3c19cc0427f9492dc3bcfe8220afad10,0x5be9a4959308a0d0c7bc0870e319314d8d957dbb,10004158509,10004.158509,Tether USD,USDT
2024-12-11 11:38:35,21379016,1733917115,0x961424aa816001322581f18ec746aee26ebf97c7a84f2ac32ef6e7620b3eb865,0xe217e15b3c19cc0427f9492dc3bcfe8220afad10,0x5be9a4959308a0d0c7bc0870e319314d8d957dbb,130000000,130.0,Tether USD,USDT
2024-12-11 14:43:47,21379938,1733928227,0x4e754c23534f7594896019a27dbc2b38700d9f638286af8f3220dba9340a6fdd,0xe217e15b3c19cc0427f9492dc3bcfe8220afad10,0x5be9a4959308a0d0c7bc0870e319314d8d957dbb,5400000000,5400.0,Tether USD,USDT
2024-12-11 14:51:47,21379978,1733928707,0x72407e76b4e227e42175d129c999ab7b1917b38300dbff99c77c297c30662155,0xe217e15b3c19cc0427f9492dc3bcfe8220afad10,0x5be9a4959308a0d0c7bc0870e319314d8d957dbb,972510100,972.5101,Tether USD,USDT
2024-12-11 15:03:11,21380035,1733929391,0xfd991e89f3d8841c0ff0640a66309c9750de0887660cdfc49892883ba74bec62,0xe217e15b3c19cc0427f9492dc3bcfe8220afad10,0x5be9a4959308a0d0c7bc0870e319314d8d957dbb,201440000,201.44,Tether USD,USDT
2024-12-11 16:36:23,21380497,1733934983,0xaf72204fb249311a6962089ad1c1ddad0ae8b94fd61c5a1a5cbfde9157c2e818,0xe217e15b3c19cc0427f9492dc3bcfe8220afad10,0x5be9a4959308a0d0c7bc0870e319314d8d957dbb,1419806887,1419.806887,Tether USD,USDT
2024-12-11 18:12:23,21380974,1733940743,0x844694b7d8362b79e56fdec70f5e6c592aa4ede646fce9b91ccf63e5f286cbc0,0x5be9a4959308a0d0c7bc0870e319314d8d957dbb,0x9008d19f58aabd9ed0d60971565aa8510560ab41,625029131134,625029.131134,USDC,USDC
2024-12-11 18:12:47,21380976,1733940767,0x3f6f3978d777e42841bfd17aa1f7247b3922feca3d75de0077c910139faf6fa8,0x5be9a4959308a0d0c7bc0870e319314d8d957dbb,0x9008d19f58aabd9ed0d60971565aa8510560ab41,2187513376428,2187513.376428,USDC,USDC
2024-12-11 18:13:11,21380978,1733940791,0xecb57481fac2ece624e1b3d8c61a69a5b475ee19ba337130f897834cb15c49ae,0x5be9a4959308a0d0c7bc0870e319314d8d957dbb,0x9008d19f58aabd9ed0d60971565aa8510560ab41,2187457492438,2187457.492438,USDC,USDC
2024-12-11 18:37:35,21381100,1733942255,0x7c2bd5d2017bd92a340e439e0f53d53ed390abed74126e6d8147c34277ea5ce7,0x78ff9211317620de95602c9cbed3ae803689e545,0x5be9a4959308a0d0c7bc0870e319314d8d957dbb,10000000000000,10000.0,Optimus,OPTIMUS
2024-12-11 19:40:35,21381411,1733946035,0x20541d443140e5e44215f46a7c5488819b48babc96690e2e6fa75d54fd0a654a,0xb72acffe382f496ded908ea1ed16087ddfaa69ef,0x5be9a4959308a0d0c7bc0870e319314d8d957dbb,3500000000000000000000,3500.0,LimeWire Token,LMWR
2024-12-11 21:51:35,21382061,1733953895,0x9ddc07684f7e2f9e7fcf4f10fdb9a709c3e01f6c197e1f4ca0530cc0bc2e1c1e,0xe217e15b3c19cc0427f9492dc3bcfe8220afad10,0x5be9a4959308a0d0c7bc0870e319314d8d957dbb,1009692044,1009.692044,Tether USD,USDT
2024-12-11 23:39:11,21382598,1733960351,0x64d882508a2083b8a671bfe9e610f9c80226667af8450370d6931d398d100f48,0xe217e15b3c19cc0427f9492dc3bcfe8220afad10,0x5be9a4959308a0d0c7bc0870e319314d8d957dbb,23731855,23.731855,Tether USD,USDT
